{"throughput":{"x":[0,1,2,3,4,5,6,7,8,9,10,11,12,13,14,15,16,17,18,19,20,21,22,23,24,25,26,27,28,29,30,31,32,33,34,35,36,37,38,39,40,41,42,43,44,45,46,47,48,49,50,51,52,53,54,55,56,57,58,59],"submitted":[0,0,108,101,100,100,91,0,0,0,0,0,0,0],"succeeded":[0,0,0,0,0,100,0,100,0,0,100,0,100,100],"failed":[0,0,0,0,0,0,0,0,0,0,0,0,0,0]},"latency":{"x":[0,1,2,3,4,5,6,7,8,9,10,11,12,13,14,15,16,17,18,19,20,21,22,23,24,25,26,27,28,29,30,31,32,33,34,35,36,37,38,39,40,41,42,43,44,45,46,47,48,49,50,51,52,53,54,55,56,57,58,59],"max":[0,0,0,0,0,2.599,0,3.585,0,0,5.082,0,6.112,7.096],"min":[0,0,0,0,0,2.599,0,3.585,0,0,5.082,0,6.112,7.096],"avg":[0,0,0,0,0,2.598999999999996,0,3.584999999999996,0,0,5.0819999999999945,0,6.112000000000003,7.096000000000003]},"summary":{"txSub":500,"txSucc":500,"txFail":0,"round":1},"report":""}