{"throughput":{"x":[0,1,2,3,4,5,6,7,8,9,10,11,12,13,14,15,16,17,18,19,20,21,22,23,24,25,26,27,28,29,30,31,32,33,34,35,36,37,38,39,40,41,42,43,44,45,46,47,48,49,50,51,52,53,54,55,56,57,58,59],"submitted":[0,0,213,203,84,0,0,0,0,0,0,0,0,0,0,0,0,0,0,0,0,0,0,0,0,0,0,0,0,201,200,99,0,0,0,0],"succeeded":[0,0,0,0,0,0,0,0,0,0,0,0,0,0,0,0,100,100,0,100,0,100,0,100,0,0,0,0,0,20,16,23,31,28,34,348],"failed":[0,0,0,0,0,0,0,0,0,0,0,0,0,0,0,0,0,0,0,0,0,0,0,0,0,0,0,0,0,0,0,0,0,0,0,0]},"latency":{"x":[0,1,2,3,4,5,6,7,8,9,10,11,12,13,14,15,16,17,18,19,20,21,22,23,24,25,26,27,28,29,30,31,32,33,34,35,36,37,38,39,40,41,42,43,44,45,46,47,48,49,50,51,52,53,54,55,56,57,58,59],"max":[0,0,0,0,0,0,0,0,0,0,0,0,0,0,0,0,13.538,14.656,0,16.496,0,17.71,0,19.227,0,0,0,0,0,0.888,1.886,2.697,3.454,4.355,5.25,6.068],"min":[0,0,0,0,0,0,0,0,0,0,0,0,0,0,0,0,13.538,14.656,0,16.496,0,17.71,0,19.227,0,0,0,0,0,0.169,0.969,1.871,2.737,3.54,4.456,4.902],"avg":[0,0,0,0,0,0,0,0,0,0,0,0,0,0,0,0,13.53800000000001,14.65599999999997,0,16.496000000000027,0,17.710000000000022,0,19.227000000000032,0,0,0,0,0,0.5041,1.4456875,2.2377826086956523,3.10441935483871,3.9528928571428574,4.821470588235294,5.481494252873561]},"summary":{"txSub":1000,"txSucc":1000,"txFail":0,"round":2},"report":""}