{"throughput":{"x":[0,1,2,3,4,5,6,7,8,9,10,11,12,13,14,15,16,17,18,19,20,21,22,23,24,25,26,27,28,29,30,31,32,33,34,35,36,37,38,39,40,41,42,43,44,45,46,47,48,49,50,51,52,53,54,55,56,57,58,59],"submitted":[0,0,107,101,101,100,91,0,0,0,0,0,0,0,0,0,0,0,0,0,0,0,0,0,0,0,0,0,0,0,0,0,0,0,0,0,0],"succeeded":[0,0,0,0,0,100,0,0,0,100,0,0,0,0,100,0,0,0,0,100,0,0,0,0,0,0,0,0,0,0,0,0,0,0,0,0,0],"failed":[0,0,0,0,0,0,0,0,0,0,0,0,0,0,0,0,0,0,0,0,0,0,0,0,0,0,0,0,0,0,0,0,0,0,0,100,0]},"latency":{"x":[0,1,2,3,4,5,6,7,8,9,10,11,12,13,14,15,16,17,18,19,20,21,22,23,24,25,26,27,28,29,30,31,32,33,34,35,36,37,38,39,40,41,42,43,44,45,46,47,48,49,50,51,52,53,54,55,56,57,58,59],"max":[0,0,0,0,0,2.905,0,0,0,5.874,0,0,0,0,9.973,0,0,0,0,12.842,0,0,0,0,0,0,0,0,0,0,0,0,0,0,0,0,0],"min":[0,0,0,0,0,2.905,0,0,0,5.874,0,0,0,0,9.973,0,0,0,0,12.842,0,0,0,0,0,0,0,0,0,0,0,0,0,0,0,0,0],"avg":[0,0,0,0,0,2.9049999999999976,0,0,0,5.874000000000011,0,0,0,0,9.972999999999983,0,0,0,0,12.842000000000011,0,0,0,0,0,0,0,0,0,0,0,0,0,0,0,0,0]},"summary":{"txSub":500,"txSucc":400,"txFail":100,"round":1},"report":""}