{"throughput":{"x":[0,1,2,3,4,5,6,7,8,9,10,11,12,13,14,15,16,17,18,19,20,21,22,23,24,25,26,27,28,29,30,31,32,33,34,35,36,37,38,39,40,41,42,43,44,45,46,47,48,49,50,51,52,53,54,55,56,57,58,59],"submitted":[0,0,210,203,87,0,0,0,0,0,0,0,0,0,0,0,0,0,0,0,0,0,0,0,201,202,97,0,0,0,0,0,0],"succeeded":[0,0,0,0,0,0,0,100,0,0,0,100,0,100,0,0,100,0,100,0,0,0,0,0,0,7,18,11,21,26,29,146,242],"failed":[0,0,0,0,0,0,0,0,0,0,0,0,0,0,0,0,0,0,0,0,0,0,0,0,0,0,0,0,0,0,0,0,0]},"latency":{"x":[0,1,2,3,4,5,6,7,8,9,10,11,12,13,14,15,16,17,18,19,20,21,22,23,24,25,26,27,28,29,30,31,32,33,34,35,36,37,38,39,40,41,42,43,44,45,46,47,48,49,50,51,52,53,54,55,56,57,58,59],"max":[0,0,0,0,0,0,0,5.401,0,0,0,8.023,0,10.275,0,0,12.712,0,14.319,0,0,0,0,0,0,1.861,2.727,3.795,4.709,5.587,6.311,7.486,8.112],"min":[0,0,0,0,0,0,0,5.401,0,0,0,8.023,0,10.275,0,0,12.712,0,14.319,0,0,0,0,0,0,1.487,2.042,3.025,3.756,4.787,5.643,5.427,6.011],"avg":[0,0,0,0,0,0,0,5.401000000000003,0,0,0,8.023000000000016,0,10.274999999999984,0,0,12.71199999999999,0,14.318999999999976,0,0,0,0,0,0,1.698,2.4043333333333337,3.6057272727272722,4.2046190476190475,5.148576923076922,5.9384137931034475,6.455986301369864,6.90778512396694]},"summary":{"txSub":1000,"txSucc":1000,"txFail":0,"round":2},"report":""}