{"throughput":{"x":[0,1,2,3,4,5,6,7,8,9,10,11,12,13,14,15,16,17,18,19,20,21,22,23,24,25,26,27,28,29,30,31,32,33,34,35,36,37,38,39,40,41,42,43,44,45,46,47,48,49,50,51,52,53,54,55,56,57,58,59],"submitted":[0,0,81,80,80,80,93,80,6,0,0,0,0,0],"succeeded":[0,0,0,0,0,100,0,100,0,100,0,100,100,0],"failed":[0,0,0,0,0,0,0,0,0,0,0,0,0,0]},"latency":{"x":[0,1,2,3,4,5,6,7,8,9,10,11,12,13,14,15,16,17,18,19,20,21,22,23,24,25,26,27,28,29,30,31,32,33,34,35,36,37,38,39,40,41,42,43,44,45,46,47,48,49,50,51,52,53,54,55,56,57,58,59],"max":[0,0,0,0,0,2.453,0,3.265,0,3.722,0,4.568,5.095,0],"min":[0,0,0,0,0,2.453,0,3.265,0,3.722,0,4.568,5.095,0],"avg":[0,0,0,0,0,2.4530000000000025,0,3.264999999999992,0,3.721999999999996,0,4.567999999999995,5.095000000000013,0]},"summary":{"txSub":500,"txSucc":500,"txFail":0,"round":1},"report":""}