{"throughput":{"x":[0,1,2,3,4,5,6,7,8,9,10,11,12,13,14,15,16,17,18,19,20,21,22,23,24,25,26,27,28,29,30,31,32,33,34,35,36,37,38,39,40,41,42,43,44,45,46,47,48,49,50,51,52,53,54,55,56,57,58,59],"submitted":[0,0,138,121,120,120,1,0],"succeeded":[0,0,0,0,100,200,100,100],"failed":[0,0,0,0,0,0,0,0]},"latency":{"x":[0,1,2,3,4,5,6,7,8,9,10,11,12,13,14,15,16,17,18,19,20,21,22,23,24,25,26,27,28,29,30,31,32,33,34,35,36,37,38,39,40,41,42,43,44,45,46,47,48,49,50,51,52,53,54,55,56,57,58,59],"max":[0,0,0,0,1.328,1.382,1.468,1.762],"min":[0,0,0,0,1.328,1.353,1.468,1.762],"avg":[0,0,0,0,1.328000000000002,1.3675000000000055,1.4680000000000009,1.7620000000000002]},"summary":{"txSub":500,"txSucc":500,"txFail":0,"round":1},"report":""}