{"throughput":{"x":[0,1,2,3,4,5,6,7,8,9,10,11,12,13,14,15,16,17,18,19,20,21,22,23,24,25,26,27,28,29,30,31,32,33,34,35,36,37,38,39,40,41,42,43,44,45,46,47,48,49,50,51,52,53,54,55,56,57,58,59],"submitted":[0,0,131,100,100,100,69,0,0,0,0,0,0,0,0],"succeeded":[0,0,0,0,0,100,0,0,100,0,100,0,100,0,100],"failed":[0,0,0,0,0,0,0,0,0,0,0,0,0,0,0]},"latency":{"x":[0,1,2,3,4,5,6,7,8,9,10,11,12,13,14,15,16,17,18,19,20,21,22,23,24,25,26,27,28,29,30,31,32,33,34,35,36,37,38,39,40,41,42,43,44,45,46,47,48,49,50,51,52,53,54,55,56,57,58,59],"max":[0,0,0,0,0,2.573,0,0,4.105,0,5.122,0,6.609,0,7.588],"min":[0,0,0,0,0,2.573,0,0,4.105,0,5.122,0,6.609,0,7.588],"avg":[0,0,0,0,0,2.5730000000000017,0,0,4.105000000000005,0,5.1220000000000105,0,6.609000000000002,0,7.587999999999995]},"summary":{"txSub":500,"txSucc":500,"txFail":0,"round":1},"report":""}