{"throughput":{"x":[0,1,2,3,4,5,6,7,8,9,10,11,12,13,14,15,16,17,18,19,20,21,22,23,24,25,26,27,28,29,30,31,32,33,34,35,36,37,38,39,40,41,42,43,44,45,46,47,48,49,50,51,52,53,54,55,56,57,58,59],"submitted":[0,0,101,100,101,99,100,101,100,100,101,97,0,0,0,0,0,0,0,0],"succeeded":[0,0,44,35,27,19,15,15,19,14,20,26,41,40,42,35,50,133,204,221],"failed":[0,0,0,0,0,0,0,0,0,0,0,0,0,0,0,0,0,0,0,0]},"latency":{"x":[0,1,2,3,4,5,6,7,8,9,10,11,12,13,14,15,16,17,18,19,20,21,22,23,24,25,26,27,28,29,30,31,32,33,34,35,36,37,38,39,40,41,42,43,44,45,46,47,48,49,50,51,52,53,54,55,56,57,58,59],"max":[0,0,0.644,1.162,1.894,2.75,3.555,4.396,5.295,6.074,6.939,7.716,8.282,8.946,9.461,10.074,10.605,10.922,10.444,9.287],"min":[0,0,0.108,0.569,1.2,2.013,2.893,3.682,4.517,5.323,6.111,6.968,7.706,8.299,8.883,9.437,10.112,10.21,9.25,8.159],"avg":[0,0,0.3466363636363637,0.7917714285714287,1.5237407407407408,2.3676315789473685,3.1703333333333337,4.1277333333333335,4.88,5.711714285714287,6.5520499999999995,7.283423076923077,7.997902439024388,8.625425000000002,9.137738095238094,9.798085714285717,10.357659999999996,10.529661654135337,9.811568627450978,8.781429864253392]},"summary":{"txSub":1000,"txSucc":1000,"txFail":0,"round":1},"report":""}