{"throughput":{"x":[0,1,2,3,4,5,6,7,8,9,10,11,12,13,14,15,16,17,18,19,20,21,22,23,24,25,26,27,28,29,30,31,32,33,34,35,36,37,38,39,40,41,42,43,44,45,46,47,48,49,50,51,52,53,54,55,56,57,58,59],"submitted":[0,0,108,100,100,100,100,100,100,100,100,92,0],"succeeded":[0,0,0,100,100,100,0,200,100,100,100,100,100],"failed":[0,0,0,0,0,0,0,0,0,0,0,0,0]},"latency":{"x":[0,1,2,3,4,5,6,7,8,9,10,11,12,13,14,15,16,17,18,19,20,21,22,23,24,25,26,27,28,29,30,31,32,33,34,35,36,37,38,39,40,41,42,43,44,45,46,47,48,49,50,51,52,53,54,55,56,57,58,59],"max":[0,0,0,0.575,0.766,0.805,0,1.059,0.794,0.597,0.786,0.766,0.689],"min":[0,0,0,0.575,0.766,0.805,0,0.675,0.794,0.597,0.786,0.766,0.689],"avg":[0,0,0,0.575000000000001,0.7659999999999998,0.8050000000000013,0,0.8670000000000025,0.7939999999999984,0.5970000000000009,0.7860000000000009,0.7659999999999998,0.6889999999999995]},"summary":{"txSub":1000,"txSucc":1000,"txFail":0,"round":1},"report":""}