{"throughput":{"x":[0,1,2,3,4,5,6,7,8,9,10,11,12,13,14,15,16,17,18,19,20,21,22,23,24,25,26,27,28,29,30,31,32,33,34,35,36,37,38,39,40,41,42,43,44,45,46,47,48,49,50,51,52,53,54,55,56,57,58,59],"submitted":[0,0,131,100,100,100,69,0,0,0,0,0,0,0,0],"succeeded":[0,0,0,0,0,100,0,100,0,100,0,0,100,0,100],"failed":[0,0,0,0,0,0,0,0,0,0,0,0,0,0,0]},"latency":{"x":[0,1,2,3,4,5,6,7,8,9,10,11,12,13,14,15,16,17,18,19,20,21,22,23,24,25,26,27,28,29,30,31,32,33,34,35,36,37,38,39,40,41,42,43,44,45,46,47,48,49,50,51,52,53,54,55,56,57,58,59],"max":[0,0,0,0,0,2.58,0,4.081,0,5.098,0,0,6.594,0,7.602],"min":[0,0,0,0,0,2.58,0,4.081,0,5.098,0,0,6.594,0,7.602],"avg":[0,0,0,0,0,2.580000000000006,0,4.081000000000004,0,5.09800000000001,0,0,6.594000000000007,0,7.601999999999984]},"summary":{"txSub":500,"txSucc":500,"txFail":0,"round":1},"report":""}