{"throughput":{"x":[0,1,2,3,4,5,6,7,8,9,10,11,12,13,14,15,16,17,18,19,20,21,22,23,24,25,26,27,28,29,30,31,32,33,34,35,36,37,38,39,40,41,42,43,44,45,46,47,48,49,50,51,52,53,54,55,56,57,58,59],"submitted":[0,0,131,100,100,100,69,0],"succeeded":[0,0,0,0,100,100,100,200],"failed":[0,0,0,0,0,0,0,0]},"latency":{"x":[0,1,2,3,4,5,6,7,8,9,10,11,12,13,14,15,16,17,18,19,20,21,22,23,24,25,26,27,28,29,30,31,32,33,34,35,36,37,38,39,40,41,42,43,44,45,46,47,48,49,50,51,52,53,54,55,56,57,58,59],"max":[0,0,0,0,1.088,1.233,1.203,1.203],"min":[0,0,0,0,1.088,1.233,1.203,1.061],"avg":[0,0,0,0,1.087999999999998,1.2330000000000012,1.203000000000002,1.1320000000000046]},"summary":{"txSub":500,"txSucc":500,"txFail":0,"round":1},"report":""}