{"throughput":{"x":[0,1,2,3,4,5,6,7,8,9,10,11,12,13,14,15,16,17,18,19,20,21,22,23,24,25,26,27,28,29,30,31,32,33,34,35,36,37,38,39,40,41,42,43,44,45,46,47,48,49,50,51,52,53,54,55,56,57,58,59],"submitted":[0,0,213,203,84,0,0,0,0,0,0,0,0,0,0,0,0,0,0,0,0,0,0,0,0,0,201,201,98,0,0,0,0,0,0,0,0],"succeeded":[0,0,0,0,0,0,100,0,0,0,100,0,0,0,100,0,0,0,100,0,100,0,0,0,0,0,1,1,0,0,8,13,2,15,19,25,416],"failed":[0,0,0,0,0,0,0,0,0,0,0,0,0,0,0,0,0,0,0,0,0,0,0,0,0,0,0,0,0,0,0,0,0,0,0,0,0]},"latency":{"x":[0,1,2,3,4,5,6,7,8,9,10,11,12,13,14,15,16,17,18,19,20,21,22,23,24,25,26,27,28,29,30,31,32,33,34,35,36,37,38,39,40,41,42,43,44,45,46,47,48,49,50,51,52,53,54,55,56,57,58,59],"max":[0,0,0,0,0,0,4.123,0,0,0,7.66,0,0,0,11.153,0,0,0,14.15,0,16.797,0,0,0,0,0,0.633,1.662,0,0,4.927,5.345,6.813,7.77,8.286,9.606,9.733],"min":[0,0,0,0,0,0,4.123,0,0,0,7.66,0,0,0,11.153,0,0,0,14.15,0,16.797,0,0,0,0,0,0.633,1.662,0,0,4.514,4.981,6.741,7.493,7.87,8.733,8.229],"avg":[0,0,0,0,0,0,4.122999999999994,0,0,0,7.659999999999997,0,0,0,11.153000000000013,0,0,0,14.150000000000013,0,16.797000000000022,0,0,0,0,0,0.633,1.662,0,0,4.7615,5.191692307692307,6.776999999999999,7.654399999999999,8.046000000000001,9.290119999999998,8.971370192307687]},"summary":{"txSub":1000,"txSucc":1000,"txFail":0,"round":2},"report":""}