{"throughput":{"x":[0,1,2,3,4,5,6,7,8,9,10,11,12,13,14,15,16,17,18,19,20,21,22,23,24,25,26,27,28,29,30,31,32,33,34,35,36,37,38,39,40,41,42,43,44,45,46,47,48,49,50,51,52,53,54,55,56,57,58,59],"submitted":[0,0,11,10,10,10,10,11,10,10,10,8,0,0,0,0,0,0,11,10,10,10,10,10,10,11,18,0],"succeeded":[0,0,6,10,10,10,10,10,10,10,10,14,0,0,0,0,0,0,11,10,10,10,10,10,10,10,19,0],"failed":[0,0,0,0,0,0,0,0,0,0,0,0,0,0,0,0,0,0,0,0,0,0,0,0,0,0,0,0]},"latency":{"x":[0,1,2,3,4,5,6,7,8,9,10,11,12,13,14,15,16,17,18,19,20,21,22,23,24,25,26,27,28,29,30,31,32,33,34,35,36,37,38,39,40,41,42,43,44,45,46,47,48,49,50,51,52,53,54,55,56,57,58,59],"max":[0,0,0.613,0.574,0.556,0.549,0.554,0.576,0.565,0.569,0.554,0.592,0,0,0,0,0,0,0.084,0.035,0.039,0.034,0.02,0.047,0.017,0.047,0.076,0],"min":[0,0,0.528,0.531,0.529,0.53,0.525,0.529,0.526,0.525,0.526,0.52,0,0,0,0,0,0,0.011,0.011,0.011,0.011,0.011,0.011,0.011,0.011,0.011,0],"avg":[0,0,0.5723333333333334,0.5454999999999999,0.5388000000000001,0.5345,0.5368,0.5552999999999999,0.5406000000000001,0.5424,0.5397000000000001,0.5413571428571428,0,0,0,0,0,0,0.02572727272727273,0.018100000000000005,0.014499999999999999,0.0155,0.012999999999999998,0.016900000000000005,0.0131,0.018600000000000002,0.019421052631578947,0]},"summary":{"txSub":200,"txSucc":200,"txFail":0,"round":2},"report":""}