{"throughput":{"x":[0,1,2,3,4,5,6,7,8,9,10,11,12,13,14,15,16,17,18,19,20,21,22,23,24,25,26,27,28,29,30,31,32,33,34,35,36,37,38,39,40,41,42,43,44,45,46,47,48,49,50,51,52,53,54,55,56,57,58,59],"submitted":[0,0,250,202,201,200,147,0,0,0,0,0,0],"succeeded":[0,0,0,100,100,100,100,100,100,100,100,200,0],"failed":[0,0,0,0,0,0,0,0,0,0,0,0,0]},"latency":{"x":[0,1,2,3,4,5,6,7,8,9,10,11,12,13,14,15,16,17,18,19,20,21,22,23,24,25,26,27,28,29,30,31,32,33,34,35,36,37,38,39,40,41,42,43,44,45,46,47,48,49,50,51,52,53,54,55,56,57,58,59],"max":[0,0,0,1.343,1.649,2.079,2.528,3.37,3.784,4.08,4.31,5.218,0],"min":[0,0,0,1.343,1.649,2.079,2.528,3.37,3.784,4.08,4.31,4.757,0],"avg":[0,0,0,1.3430000000000022,1.6490000000000007,2.079000000000001,2.527999999999997,3.370000000000003,3.783999999999996,4.079999999999997,4.310000000000001,4.987500000000005,0]},"summary":{"txSub":1000,"txSucc":1000,"txFail":0,"round":1},"report":""}