{
  "throughput": {
    "x": [
      0,
      1,
      2,
      3,
      4,
      5,
      6,
      7,
      8,
      9,
      10,
      11,
      12,
      13,
      14,
      15,
      16,
      17,
      18,
      19,
      20,
      21,
      22,
      23,
      24,
      25,
      26,
      27,
      28,
      29,
      30,
      31,
      32,
      33,
      34,
      35,
      36,
      37,
      38,
      39,
      40,
      41,
      42,
      43,
      44,
      45,
      46,
      47,
      48,
      49,
      50,
      51,
      52,
      53,
      54,
      55,
      56,
      57,
      58,
      59
    ],
    "submitted": [0, 0, 21, 21, 20, 20, 18, 0, 0, 0, 0, 0, 0, 100, 0, 0],
    "succeeded": [0, 0, 0, 21, 21, 21, 21, 16, 0, 0, 0, 0, 0, 29, 71, 0],
    "failed": [0, 0, 0, 0, 0, 0, 0, 0, 0, 0, 0, 0, 0, 0, 0, 0]
  },
  "latency": {
    "x": [
      0,
      1,
      2,
      3,
      4,
      5,
      6,
      7,
      8,
      9,
      10,
      11,
      12,
      13,
      14,
      15,
      16,
      17,
      18,
      19,
      20,
      21,
      22,
      23,
      24,
      25,
      26,
      27,
      28,
      29,
      30,
      31,
      32,
      33,
      34,
      35,
      36,
      37,
      38,
      39,
      40,
      41,
      42,
      43,
      44,
      45,
      46,
      47,
      48,
      49,
      50,
      51,
      52,
      53,
      54,
      55,
      56,
      57,
      58,
      59
    ],
    "max": [
      0,
      0,
      0,
      0.549,
      0.53,
      0.529,
      0.528,
      0.55,
      0,
      0,
      0,
      0,
      0,
      0.714,
      1.901,
      0
    ],
    "min": [
      0,
      0,
      0,
      0.549,
      0.53,
      0.529,
      0.528,
      0.55,
      0,
      0,
      0,
      0,
      0,
      0.041,
      0.85,
      0
    ],
    "avg": [
      0,
      0,
      0,
      0.549,
      0.5299999999999999,
      0.529,
      0.5280000000000002,
      0.5499999999999999,
      0,
      0,
      0,
      0,
      0,
      0.1529655172413793,
      1.6560985915492956,
      0
    ]
  },
  "summary": { "txSub": 200, "txSucc": 200, "txFail": 0, "round": 2 },
  "report": ""
}
