{"throughput":{"x":[0,1,2,3,4,5,6,7,8,9,10,11,12,13,14,15,16,17,18,19,20,21,22,23,24,25,26,27,28,29,30,31,32,33,34,35,36,37,38,39,40,41,42,43,44,45,46,47,48,49,50,51,52,53,54,55,56,57,58,59],"submitted":[0,0,213,202,200,202,183,0,0,0],"succeeded":[0,0,0,100,100,100,200,100,100,300],"failed":[0,0,0,0,0,0,0,0,0,0]},"latency":{"x":[0,1,2,3,4,5,6,7,8,9,10,11,12,13,14,15,16,17,18,19,20,21,22,23,24,25,26,27,28,29,30,31,32,33,34,35,36,37,38,39,40,41,42,43,44,45,46,47,48,49,50,51,52,53,54,55,56,57,58,59],"max":[0,0,0,1.121,1.236,1.667,2.172,2.683,2.744,3.219],"min":[0,0,0,1.121,1.236,1.667,2.141,2.683,2.744,3.108],"avg":[0,0,0,1.1209999999999984,1.2360000000000013,1.6670000000000014,2.1565000000000087,2.6829999999999945,2.744000000000002,3.161666666666672]},"summary":{"txSub":1000,"txSucc":1000,"txFail":0,"round":1},"report":""}