{"throughput":{"x":[0,1,2,3,4,5,6,7,8,9,10,11,12,13,14,15,16,17,18,19,20,21,22,23,24,25,26,27,28,29,30,31,32,33,34,35,36,37,38,39,40,41,42,43,44,45,46,47,48,49,50,51,52,53,54,55,56,57,58,59],"submitted":[0,0,240,202,58,0,0],"succeeded":[0,0,0,100,100,100,200],"failed":[0,0,0,0,0,0,0]},"latency":{"x":[0,1,2,3,4,5,6,7,8,9,10,11,12,13,14,15,16,17,18,19,20,21,22,23,24,25,26,27,28,29,30,31,32,33,34,35,36,37,38,39,40,41,42,43,44,45,46,47,48,49,50,51,52,53,54,55,56,57,58,59],"max":[0,0,0,1.106,1.488,1.777,2.356],"min":[0,0,0,1.106,1.488,1.777,2.314],"avg":[0,0,0,1.1059999999999983,1.4879999999999998,1.776999999999997,2.334999999999995]},"summary":{"txSub":500,"txSucc":500,"txFail":0,"round":1},"report":""}