{"throughput":{"x":[0,1,2,3,4,5,6,7,8,9,10,11,12,13,14,15,16,17,18,19,20,21,22,23,24,25,26,27,28,29,30,31,32,33,34,35,36,37,38,39,40,41,42,43,44,45,46,47,48,49,50,51,52,53,54,55,56,57,58,59],"submitted":[0,0,998,1135,1022,995,850,0],"succeeded":[0,0,0,1000,1000,1000,1000,1000],"failed":[0,0,0,0,0,0,0,0]},"latency":{"x":[0,1,2,3,4,5,6,7,8,9,10,11,12,13,14,15,16,17,18,19,20,21,22,23,24,25,26,27,28,29,30,31,32,33,34,35,36,37,38,39,40,41,42,43,44,45,46,47,48,49,50,51,52,53,54,55,56,57,58,59],"max":[0,0,0,0.629,0.602,0.574,0.571,0.606],"min":[0,0,0,0.629,0.602,0.574,0.571,0.606],"avg":[0,0,0,0.6290000000000098,0.601999999999987,0.5740000000000031,0.5710000000000137,0.6059999999999953]},"summary":{"txSub":5000,"txSucc":5000,"txFail":0,"round":1},"report":""}