{"throughput":{"x":[0,1,2,3,4,5,6,7,8,9,10,11,12,13,14,15,16,17,18,19,20,21,22,23,24,25,26,27,28,29,30,31,32,33,34,35,36,37,38,39,40,41,42,43,44,45,46,47,48,49,50,51,52,53,54,55,56,57,58,59],"submitted":[0,0,107,101,102,100,90,0,0,0,0,0,0,0,0,0,0,0,0,0,0,0],"succeeded":[0,0,0,0,0,100,0,0,0,100,0,0,0,100,0,0,0,0,0,0,100,100],"failed":[0,0,0,0,0,0,0,0,0,0,0,0,0,0,0,0,0,0,0,0,0,0]},"latency":{"x":[0,1,2,3,4,5,6,7,8,9,10,11,12,13,14,15,16,17,18,19,20,21,22,23,24,25,26,27,28,29,30,31,32,33,34,35,36,37,38,39,40,41,42,43,44,45,46,47,48,49,50,51,52,53,54,55,56,57,58,59],"max":[0,0,0,0,0,2.316,0,0,0,5.2,0,0,0,8.459,0,0,0,0,0,0,13.373,15.72],"min":[0,0,0,0,0,2.316,0,0,0,5.2,0,0,0,8.459,0,0,0,0,0,0,13.373,15.72],"avg":[0,0,0,0,0,2.316000000000002,0,0,0,5.199999999999993,0,0,0,8.45899999999998,0,0,0,0,0,0,13.373000000000026,15.720000000000022]},"summary":{"txSub":500,"txSucc":500,"txFail":0,"round":1},"report":""}