{"throughput":{"x":[0,1,2,3,4,5,6,7,8,9,10,11,12,13,14,15,16,17,18,19,20,21,22,23,24,25,26,27,28,29,30,31,32,33,34,35,36,37,38,39,40,41,42,43,44,45,46,47,48,49,50,51,52,53,54,55,56,57,58,59],"submitted":[0,0,212,204,84,0,0,0,0,0,0],"succeeded":[0,0,0,0,100,100,0,100,0,100,100],"failed":[0,0,0,0,0,0,0,0,0,0,0]},"latency":{"x":[0,1,2,3,4,5,6,7,8,9,10,11,12,13,14,15,16,17,18,19,20,21,22,23,24,25,26,27,28,29,30,31,32,33,34,35,36,37,38,39,40,41,42,43,44,45,46,47,48,49,50,51,52,53,54,55,56,57,58,59],"max":[0,0,0,0,1.602,2.923,0,3.905,0,5.132,6.288],"min":[0,0,0,0,1.602,2.923,0,3.905,0,5.132,6.288],"avg":[0,0,0,0,1.6020000000000016,2.9230000000000014,0,3.904999999999991,0,5.132000000000004,6.288000000000007]},"summary":{"txSub":500,"txSucc":500,"txFail":0,"round":1},"report":""}