{"throughput":{"x":[0,1,2,3,4,5,6,7,8,9,10,11,12,13,14,15,16,17,18,19,20,21,22,23,24,25,26,27,28,29,30,31,32,33,34,35,36,37,38,39,40,41,42,43,44,45,46,47,48,49,50,51,52,53,54,55,56,57,58,59],"submitted":[0,0,214,204,82,0,0,0,0,0,0,0,0,0,0,202,200,98,0,0,0,0,0,0],"succeeded":[0,0,0,0,100,100,0,100,100,100,0,0,0,0,0,6,11,21,26,28,32,54,93,229],"failed":[0,0,0,0,0,0,0,0,0,0,0,0,0,0,0,0,0,0,0,0,0,0,0,0]},"latency":{"x":[0,1,2,3,4,5,6,7,8,9,10,11,12,13,14,15,16,17,18,19,20,21,22,23,24,25,26,27,28,29,30,31,32,33,34,35,36,37,38,39,40,41,42,43,44,45,46,47,48,49,50,51,52,53,54,55,56,57,58,59],"max":[0,0,0,0,1.614,2.647,0,3.92,4.64,5.802,0,0,0,0,0,0.307,1.902,2.811,3.674,4.549,5.387,6.171,6.911,7.371],"min":[0,0,0,0,1.614,2.647,0,3.92,4.64,5.802,0,0,0,0,0,0.103,1.535,1.971,2.847,3.711,4.581,5.411,5.48,5.635],"avg":[0,0,0,0,1.614000000000002,2.646999999999997,0,3.9200000000000017,4.63999999999999,5.8020000000000085,0,0,0,0,0,0.17666666666666667,1.7198181818181817,2.4052380952380954,3.3058076923076927,4.158607142857144,4.997062499999999,5.945703703703703,5.975279569892475,6.553401746724888]},"summary":{"txSub":1000,"txSucc":1000,"txFail":0,"round":2},"report":""}