{"throughput":{"x":[0,1,2,3,4,5,6,7,8,9,10,11,12,13,14,15,16,17,18,19,20,21,22,23,24,25,26,27,28,29,30,31,32,33,34,35,36,37,38,39,40,41,42,43,44,45,46,47,48,49,50,51,52,53,54,55,56,57,58,59],"submitted":[0,0,21,20,21,20,18,0,0,0,0,0,0,100],"succeeded":[0,0,0,22,20,21,21,16,0,0,0,0,0,100],"failed":[0,0,0,0,0,0,0,0,0,0,0,0,0,0]},"latency":{"x":[0,1,2,3,4,5,6,7,8,9,10,11,12,13,14,15,16,17,18,19,20,21,22,23,24,25,26,27,28,29,30,31,32,33,34,35,36,37,38,39,40,41,42,43,44,45,46,47,48,49,50,51,52,53,54,55,56,57,58,59],"max":[0,0,0,0.556,0.54,0.537,0.528,0.523,0,0,0,0,0,0.115],"min":[0,0,0,0.556,0.54,0.537,0.528,0.523,0,0,0,0,0,0.023],"avg":[0,0,0,0.5560000000000003,0.5399999999999998,0.5370000000000003,0.5280000000000002,0.5229999999999999,0,0,0,0,0,0.06486000000000003]},"summary":{"txSub":200,"txSucc":200,"txFail":0,"round":2},"report":""}