{"throughput":{"x":[0,1,2,3,4,5,6,7,8,9,10,11,12,13,14,15,16,17,18,19,20,21,22,23,24,25,26,27,28,29,30,31,32,33,34,35,36,37,38,39,40,41,42,43,44,45,46,47,48,49,50,51,52,53,54,55,56,57,58,59],"submitted":[0,0,246,203,51,0,0],"succeeded":[0,0,0,100,100,100,200],"failed":[0,0,0,0,0,0,0]},"latency":{"x":[0,1,2,3,4,5,6,7,8,9,10,11,12,13,14,15,16,17,18,19,20,21,22,23,24,25,26,27,28,29,30,31,32,33,34,35,36,37,38,39,40,41,42,43,44,45,46,47,48,49,50,51,52,53,54,55,56,57,58,59],"max":[0,0,0,1.105,1.484,2.13,2.277],"min":[0,0,0,1.105,1.484,2.13,2.112],"avg":[0,0,0,1.1050000000000009,1.4839999999999995,2.1299999999999972,2.194500000000007]},"summary":{"txSub":500,"txSucc":500,"txFail":0,"round":1},"report":""}