{"throughput":{"x":[0,1,2,3,4,5,6,7,8,9,10,11,12,13,14,15,16,17,18,19,20,21,22,23,24,25,26,27,28,29,30,31,32,33,34,35,36,37,38,39,40,41,42,43,44,45,46,47,48,49,50,51,52,53,54,55,56,57,58,59],"submitted":[0,0,212,203,85,0,0,0,0,0,0,0,0,0,0,0,0,0,0,0,0,0,0,0,201,202,97,0,0,0,0,0],"succeeded":[0,0,0,0,0,0,0,100,0,0,0,100,0,0,100,0,100,100,0,0,0,0,0,0,0,6,6,20,68,49,119,232],"failed":[0,0,0,0,0,0,0,0,0,0,0,0,0,0,0,0,0,0,0,0,0,0,0,0,0,0,0,0,0,0,0,0]},"latency":{"x":[0,1,2,3,4,5,6,7,8,9,10,11,12,13,14,15,16,17,18,19,20,21,22,23,24,25,26,27,28,29,30,31,32,33,34,35,36,37,38,39,40,41,42,43,44,45,46,47,48,49,50,51,52,53,54,55,56,57,58,59],"max":[0,0,0,0,0,0,0,4.739,0,0,0,8.055,0,0,10.66,0,12.399,14.079,0,0,0,0,0,0,0,1.892,2.327,3.889,4.615,5.588,6.534,7.844],"min":[0,0,0,0,0,0,0,4.739,0,0,0,8.055,0,0,10.66,0,12.399,14.079,0,0,0,0,0,0,0,1.548,2.112,3.083,3.021,3.2,3.6,4.579],"avg":[0,0,0,0,0,0,0,4.738999999999991,0,0,0,8.054999999999986,0,0,10.659999999999993,0,12.39899999999998,14.078999999999972,0,0,0,0,0,0,0,1.7655,2.2096666666666667,3.60195,3.962955882352942,4.549183673469388,5.1915714285714305,6.09739224137931]},"summary":{"txSub":1000,"txSucc":1000,"txFail":0,"round":2},"report":""}