{
    "version": "3.1.1",
    "commit_info": {
        "author_time": null,
        "project": "benchs",
        "id": "unversioned",
        "branch": "(unknown)",
        "dirty": false,
        "time": null
    },
    "benchmarks": [
        {
            "params": null,
            "fullname": "benchs/bench_block_info_processor.py::test_create_console_handler",
            "param": null,
            "stats": {
                "median": 1.4523800018650945e-05,
                "min": 6.66920004732674e-06,
                "stddev": 8.235086141831239e-06,
                "stddev_outliers": 1,
                "q1": 8.632850040157791e-06,
                "ld15iqr": 6.66920004732674e-06,
                "iqr_outliers": 0,
                "iqr": 1.2348299969744402e-05,
                "total": 4.432660007296363e-05,
                "hd15iqr": 2.3133600006985943e-05,
                "max": 2.3133600006985943e-05,
                "iterations": 5,
                "rounds": 3,
                "mean": 1.4775533357654542e-05,
                "ops": 67679.45195575256,
                "q3": 2.0981150009902193e-05,
                "outliers": "1;0"
            },
            "options": {
                "timer": "perf_counter",
                "min_time": 5e-06,
                "disable_gc": false,
                "min_rounds": 5,
                "max_time": 1.0,
                "warmup": false
            },
            "group": null,
            "extra_info": {},
            "name": "test_create_console_handler"
        },
        {
            "params": null,
            "fullname": "benchs/bench_block_info_processor.py::test_processor_create_parser",
            "param": null,
            "stats": {
                "median": 0.04208191460002127,
                "min": 0.040855529200052844,
                "stddev": 0.003144973648966535,
                "stddev_outliers": 1,
                "q1": 0.04116212555004495,
                "ld15iqr": 0.040855529200052844,
                "iqr_outliers": 0,
                "iqr": 0.004466927849853156,
                "total": 0.1297488767999312,
                "hd15iqr": 0.04681143299985706,
                "max": 0.04681143299985706,
                "iterations": 5,
                "rounds": 3,
                "mean": 0.043249625599977054,
                "ops": 23.121587438679015,
                "q3": 0.045629053399898103,
                "outliers": "1;0"
            },
            "options": {
                "timer": "perf_counter",
                "min_time": 5e-06,
                "disable_gc": false,
                "min_rounds": 5,
                "max_time": 1.0,
                "warmup": false
            },
            "group": null,
            "extra_info": {},
            "name": "test_processor_create_parser"
        },
        {
            "params": null,
            "fullname": "benchs/bench_block_info_processor.py::test_create_block_info_config",
            "param": null,
            "stats": {
                "median": 1.1620199984463397e-05,
                "min": 1.091920003091218e-05,
                "stddev": 7.003317125593406e-06,
                "stddev_outliers": 1,
                "q1": 1.1094450019299985e-05,
                "ld15iqr": 1.091920003091218e-05,
                "iqr_outliers": 0,
                "iqr": 9.349049969387126e-06,
                "total": 4.592400000547059e-05,
                "hd15iqr": 2.3384599990095013e-05,
                "max": 2.3384599990095013e-05,
                "iterations": 5,
                "rounds": 3,
                "mean": 1.530800000182353e-05,
                "ops": 65325.32008628674,
                "q3": 2.044349998868711e-05,
                "outliers": "1;0"
            },
            "options": {
                "timer": "perf_counter",
                "min_time": 5e-06,
                "disable_gc": false,
                "min_rounds": 5,
                "max_time": 1.0,
                "warmup": false
            },
            "group": null,
            "extra_info": {},
            "name": "test_create_block_info_config"
        },
        {
            "params": null,
            "fullname": "benchs/bench_block_info_processor.py::test_setup_loggers",
            "param": null,
            "stats": {
                "median": 0.0001362195998808602,
                "min": 0.00010725540014391299,
                "stddev": 2.437058180900917e-05,
                "stddev_outliers": 1,
                "q1": 0.00011449645007814978,
                "ld15iqr": 0.00010725540014391299,
                "iqr_outliers": 0,
                "iqr": 3.632384982665826e-05,
                "total": 0.0003991621999375639,
                "hd15iqr": 0.00015568719991279067,
                "max": 0.00015568719991279067,
                "iterations": 5,
                "rounds": 3,
                "mean": 0.00013305406664585462,
                "ops": 7515.741722210303,
                "q3": 0.00015082029990480804,
                "outliers": "1;0"
            },
            "options": {
                "timer": "perf_counter",
                "min_time": 5e-06,
                "disable_gc": false,
                "min_rounds": 5,
                "max_time": 1.0,
                "warmup": false
            },
            "group": null,
            "extra_info": {},
            "name": "test_setup_loggers"
        }
    ],
    "datetime": "2018-04-10T16:46:11.578912",
    "machine_info": {
        "cpu": {
            "vendor_id": "GenuineIntel",
            "brand": "Intel(R) Core(TM) i5-5257U CPU @ 2.70GHz",
            "hardware": "unknown"
        },
        "python_version": "3.5.2",
        "python_compiler": "GCC 5.4.0 20160609",
        "machine": "x86_64",
        "system": "Linux",
        "python_build": [
            "default",
            "Nov 23 2017 16:37:01"
        ],
        "python_implementation": "CPython",
        "release": "4.9.87-linuxkit-aufs",
        "python_implementation_version": "3.5.2",
        "node": "5166e9086b87",
        "processor": "x86_64"
    }
}