{
    "datetime": "2018-04-14T22:57:06.879149",
    "version": "3.1.1",
    "benchmarks": [
        {
            "params": null,
            "extra_info": {},
            "stats": {
                "total": 0.00021570000171777792,
                "ld15iqr": 1.0199999451288022e-05,
                "ops": 46360.68576895057,
                "median": 1.275000067835208e-05,
                "rounds": 10,
                "stddev_outliers": 1,
                "hd15iqr": 9.680000039224979e-05,
                "q3": 1.6599999071331695e-05,
                "data": [
                    9.680000039224979e-05,
                    1.939999856404029e-05,
                    1.6599999071331695e-05,
                    1.1300000551273115e-05,
                    1.06999996205559e-05,
                    1.5200001143966801e-05,
                    1.0400000974186696e-05,
                    1.0199999451288022e-05,
                    1.0900001143454574e-05,
                    1.4200000805431046e-05
                ],
                "max": 9.680000039224979e-05,
                "iqr_outliers": 1,
                "outliers": "1;1",
                "min": 1.0199999451288022e-05,
                "iterations": 1,
                "mean": 2.1570000171777792e-05,
                "q1": 1.06999996205559e-05,
                "stddev": 2.6615327687618426e-05,
                "iqr": 5.899999450775795e-06
            },
            "param": null,
            "name": "test_create_console_handler",
            "fullname": "families_settings_processor.py::test_create_console_handler",
            "group": null,
            "options": {
                "warmup": false,
                "disable_gc": false,
                "min_time": 5e-06,
                "timer": "perf_counter",
                "max_time": 1.0,
                "min_rounds": 5
            }
        },
        {
            "params": null,
            "extra_info": {},
            "stats": {
                "total": 0.43937730000106967,
                "ld15iqr": 0.04069879999951809,
                "ops": 22.75948256766031,
                "median": 0.04250475000026199,
                "rounds": 10,
                "stddev_outliers": 1,
                "hd15iqr": 0.056740399999398505,
                "q3": 0.04377060000115307,
                "data": [
                    0.056740399999398505,
                    0.04522970000107307,
                    0.04086070000084874,
                    0.04228749999856518,
                    0.04198580000047514,
                    0.042794299999513896,
                    0.04241370000090683,
                    0.04259579999961716,
                    0.04069879999951809,
                    0.04377060000115307
                ],
                "max": 0.056740399999398505,
                "iqr_outliers": 1,
                "outliers": "1;1",
                "min": 0.04069879999951809,
                "iterations": 1,
                "mean": 0.043937730000106964,
                "q1": 0.04198580000047514,
                "stddev": 0.004684826863967217,
                "iqr": 0.001784800000677933
            },
            "param": null,
            "name": "test_create_parser",
            "fullname": "families_settings_processor.py::test_create_parser",
            "group": null,
            "options": {
                "warmup": false,
                "disable_gc": false,
                "min_time": 5e-06,
                "timer": "perf_counter",
                "max_time": 1.0,
                "min_rounds": 5
            }
        }
    ],
    "commit_info": {
        "id": "unversioned",
        "project": "benchs",
        "author_time": null,
        "time": null,
        "branch": "(unknown)",
        "dirty": false
    },
    "machine_info": {
        "python_implementation": "CPython",
        "python_build": [
            "default",
            "Nov 23 2017 16:37:01"
        ],
        "python_version": "3.5.2",
        "processor": "x86_64",
        "node": "f63ad2aac348",
        "release": "4.9.87-linuxkit-aufs",
        "cpu": {
            "hardware": "unknown",
            "vendor_id": "GenuineIntel",
            "brand": "Intel(R) Core(TM) i7-4770HQ CPU @ 2.20GHz"
        },
        "system": "Linux",
        "python_compiler": "GCC 5.4.0 20160609",
        "python_implementation_version": "3.5.2",
        "machine": "x86_64"
    }
}