{
    "benchmarks": [
        {
            "name": "test_setting_key_to_address",
            "options": {
                "timer": "perf_counter",
                "min_rounds": 5,
                "disable_gc": false,
                "max_time": 1.0,
                "warmup": false,
                "min_time": 5e-06
            },
            "extra_info": {},
            "stats": {
                "q3": 1.0399999155197293e-05,
                "median": 9.40000063565094e-06,
                "ops": 7038.783687278472,
                "total": 0.0014207000021997374,
                "outliers": "1;2",
                "iqr_outliers": 2,
                "stddev_outliers": 1,
                "data": [
                    0.0013319999998202547,
                    1.4799999917158857e-05,
                    8.400000297115184e-06,
                    1.0399999155197293e-05,
                    9.900000804918818e-06,
                    9.40000063565094e-06,
                    9.40000063565094e-06,
                    9.299999874201603e-06,
                    9.20000093174167e-06,
                    7.900000127847306e-06
                ],
                "min": 7.900000127847306e-06,
                "rounds": 10,
                "mean": 0.00014207000021997372,
                "max": 0.0013319999998202547,
                "iterations": 1,
                "iqr": 1.1999982234556228e-06,
                "ld15iqr": 7.900000127847306e-06,
                "q1": 9.20000093174167e-06,
                "stddev": 0.00041810301494272313,
                "hd15iqr": 1.4799999917158857e-05
            },
            "params": null,
            "param": null,
            "group": null,
            "fullname": "families_identity_sawtoothidentity_processor.py::test_setting_key_to_address"
        },
        {
            "name": "test_handler_get_role_address",
            "options": {
                "timer": "perf_counter",
                "min_rounds": 5,
                "disable_gc": false,
                "max_time": 1.0,
                "warmup": false,
                "min_time": 5e-06
            },
            "extra_info": {},
            "stats": {
                "q3": 1.1099999028374441e-05,
                "median": 1.0000000656873453e-05,
                "ops": 87032.20055857064,
                "total": 0.00011490000179037452,
                "outliers": "1;2",
                "iqr_outliers": 2,
                "stddev_outliers": 1,
                "data": [
                    2.4900000425986946e-05,
                    1.2299999070819467e-05,
                    1.1099999028374441e-05,
                    1.0599998859106563e-05,
                    1.0100000508828089e-05,
                    9.800000043469481e-06,
                    9.900000804918818e-06,
                    8.700000762473792e-06,
                    7.6000014814781025e-06,
                    9.900000804918818e-06
                ],
                "min": 7.6000014814781025e-06,
                "rounds": 10,
                "mean": 1.1490000179037452e-05,
                "max": 2.4900000425986946e-05,
                "iterations": 1,
                "iqr": 1.2999989849049598e-06,
                "ld15iqr": 8.700000762473792e-06,
                "q1": 9.800000043469481e-06,
                "stddev": 4.878398988820307e-06,
                "hd15iqr": 2.4900000425986946e-05
            },
            "params": null,
            "param": null,
            "group": null,
            "fullname": "families_identity_sawtoothidentity_processor.py::test_handler_get_role_address"
        },
        {
            "name": "test_create_console_handler",
            "options": {
                "timer": "perf_counter",
                "min_rounds": 5,
                "disable_gc": false,
                "max_time": 1.0,
                "warmup": false,
                "min_time": 5e-06
            },
            "extra_info": {},
            "stats": {
                "q3": 1.469999915570952e-05,
                "median": 1.0700000530050602e-05,
                "ops": 66844.92040188625,
                "total": 0.00014959999862185214,
                "outliers": "1;1",
                "iqr_outliers": 1,
                "stddev_outliers": 1,
                "data": [
                    4.669999907491729e-05,
                    1.469999915570952e-05,
                    1.2299999070819467e-05,
                    1.0900001143454574e-05,
                    8.700000762473792e-06,
                    9.699999282020144e-06,
                    1.590000101714395e-05,
                    1.0300000212737359e-05,
                    9.899998985929415e-06,
                    1.049999991664663e-05
                ],
                "min": 8.700000762473792e-06,
                "rounds": 10,
                "mean": 1.4959999862185214e-05,
                "max": 4.669999907491729e-05,
                "iterations": 1,
                "iqr": 4.800000169780105e-06,
                "ld15iqr": 8.700000762473792e-06,
                "q1": 9.899998985929415e-06,
                "stddev": 1.1382266647512007e-05,
                "hd15iqr": 4.669999907491729e-05
            },
            "params": null,
            "param": null,
            "group": null,
            "fullname": "families_identity_sawtoothidentity_processor.py::test_create_console_handler"
        },
        {
            "name": "test_create_parser",
            "options": {
                "timer": "perf_counter",
                "min_rounds": 5,
                "disable_gc": false,
                "max_time": 1.0,
                "warmup": false,
                "min_time": 5e-06
            },
            "extra_info": {},
            "stats": {
                "q3": 0.05390880000049947,
                "median": 0.053647050001018215,
                "ops": 18.01519076905586,
                "total": 0.5550871000032203,
                "outliers": "1;1",
                "iqr_outliers": 1,
                "stddev_outliers": 1,
                "data": [
                    0.07329010000103153,
                    0.05390880000049947,
                    0.055334399999992456,
                    0.053237000000081025,
                    0.05350750000070548,
                    0.05379010000069684,
                    0.0527591999998549,
                    0.052653999999165535,
                    0.05281939999986207,
                    0.05378660000133095
                ],
                "min": 0.052653999999165535,
                "rounds": 10,
                "mean": 0.05550871000032202,
                "max": 0.07329010000103153,
                "iterations": 1,
                "iqr": 0.0010894000006373972,
                "ld15iqr": 0.052653999999165535,
                "q1": 0.05281939999986207,
                "stddev": 0.006296332971749171,
                "hd15iqr": 0.07329010000103153
            },
            "params": null,
            "param": null,
            "group": null,
            "fullname": "families_identity_sawtoothidentity_processor.py::test_create_parser"
        }
    ],
    "version": "3.1.1",
    "datetime": "2018-04-14T22:57:02.829918",
    "machine_info": {
        "release": "4.9.87-linuxkit-aufs",
        "system": "Linux",
        "python_build": [
            "default",
            "Nov 23 2017 16:37:01"
        ],
        "node": "f63ad2aac348",
        "machine": "x86_64",
        "python_implementation": "CPython",
        "python_compiler": "GCC 5.4.0 20160609",
        "processor": "x86_64",
        "python_version": "3.5.2",
        "python_implementation_version": "3.5.2",
        "cpu": {
            "hardware": "unknown",
            "brand": "Intel(R) Core(TM) i7-4770HQ CPU @ 2.20GHz",
            "vendor_id": "GenuineIntel"
        }
    },
    "commit_info": {
        "branch": "(unknown)",
        "author_time": null,
        "dirty": false,
        "time": null,
        "project": "benchs",